{
  "project_info": {
    "project_number": "876325763820",
    "firebase_url": "https://gotcha-233622.firebaseio.com",
    "project_id": "gotcha-233622",
    "storage_bucket": "gotcha-233622.appspot.com"
  },
  "client": [
    {
      "client_info": {
        "mobilesdk_app_id": "1:876325763820:android:b766fe5e3e8c13b0",
        "android_client_info": {
          "package_name": "com.example.gotcha"
        }
      },
      "oauth_client": [
        {
          "client_id": "876325763820-1ef0mgalk7vrv84vf78a3hqvnciv1hmr.apps.googleusercontent.com",
          "client_type": 3
        }
      ],
      "api_key": [
        {
          "current_key": "AIzaSyA951sSTQwXEm5cjmGrSKE2n1LnlRRLkV4"
        }
      ],
      "services": {
        "analytics_service": {
          "status": 1
        },
        "appinvite_service": {
          "status": 1,
          "other_platform_oauth_client": []
        },
        "ads_service": {
          "status": 2
        }
      }
    }
  ],
  "configuration_version": "1"
}